{
  "project_info": {
    "project_number": "418324467404",
    "project_id": "examenparciai2",
    "storage_bucket": "examenparciai2.firebasestorage.app"
  },
  "client": [
    {
      "client_info": {
        "mobilesdk_app_id": "1:418324467404:android:ff198ffaf01323220c3c69",
        "android_client_info": {
          "package_name": "com.example.clase7"
        }
      },
      "oauth_client": [],
      "api_key": [
        {
          "current_key": "AIzaSyCbSSshZKygedSLFAb2Lz6Rl-dA0_k8aNI"
        }
      ],
      "services": {
        "appinvite_service": {
          "other_platform_oauth_client": []
        }
      }
    }
  ],
  "configuration_version": "1"
}